{
    "Ratio=0.3_Lambda=5": [
        0.04658467076820798,
        0.044678367288511565,
        0.0446171163703513,
        0.04220240737934964,
        0.04376797613685894,
        0.04437137857764092,
        0.039610659972701655,
        0.0412003086774171,
        0.04007769581472516,
        0.04236198180506706
    ],
    "Ratio=0.3_Lambda=12": [
        0.044677053181657586,
        0.04503229484654686,
        0.04492476514432539,
        0.042635786196974085,
        0.04450792513658438,
        0.04487267686114948,
        0.040245434791785925,
        0.041731175408026316,
        0.040605250806720616,
        0.04286027905116827
    ],
    "Ratio=0.3_Lambda=20": [
        0.04827701121860113,
        0.04576256181059793,
        0.04539062457045082,
        0.0430860816751409,
        0.04461988268716174,
        0.04528191599141016,
        0.04035814173566166,
        0.04179021379941682,
        0.040797788220374206,
        0.04304657463914794
    ],
    "Ratio=0.5_Lambda=5": [
        0.03200803496853909,
        0.03158935556167304,
        0.03096118463766785,
        0.02915819185789429,
        0.030332496300522916,
        0.030787113881837157,
        0.02740363538870732,
        0.027117259810175032,
        0.027538821541217062,
        0.029639863056699904
    ],
    "Ratio=0.5_Lambda=12": [
        0.031182473092664725,
        0.03134066218614757,
        0.031091435716289067,
        0.0292575036092566,
        0.030683869192639157,
        0.031155449685311965,
        0.02749020414136285,
        0.02737134886813835,
        0.027674393822634757,
        0.02987295634411547
    ],
    "Ratio=0.5_Lambda=20": [
        0.03219926596333385,
        0.031664202317046114,
        0.03145456564494431,
        0.029548515650617592,
        0.030616652756994284,
        0.0311289641181481,
        0.027522254593943668,
        0.02746951681003267,
        0.027794160776987587,
        0.029882830269604498
    ],
    "Ratio=0.7_Lambda=5": [
        0.021385675335807642,
        0.021275055420293613,
        0.020881805587553766,
        0.01997086705371418,
        0.02047559635361492,
        0.020572715445699538,
        0.01859308630228461,
        0.017442289384644746,
        0.018592395808819308,
        0.020258095718419696
    ],
    "Ratio=0.7_Lambda=12": [
        0.02263899544874767,
        0.02149747413018068,
        0.02117220621441986,
        0.020132757111357757,
        0.020532455668777073,
        0.020824190829463775,
        0.018760631606232325,
        0.017725504746849054,
        0.018734379402844923,
        0.020455556337114714
    ],
    "Ratio=0.7_Lambda=20": [
        0.02212090955345984,
        0.02149700740541398,
        0.021379047688670317,
        0.020209834914329632,
        0.02077711033519197,
        0.020943188787210118,
        0.018754337622772038,
        0.017841444714698083,
        0.01881915165462721,
        0.020528836878062392
    ]
}