{
    "Ratio=0.3_Lambda=5": [
        1.83591570854187,
        1.3857839107513428,
        1.349434995651245,
        1.2765299320220946,
        1.3279069423675538,
        1.5125194549560548,
        1.9150094509124755,
        2.1786803245544433,
        2.937307929992676,
        4.211254215240478
    ],
    "Ratio=0.3_Lambda=12": [
        1.5927390098571776,
        1.238610076904297,
        1.1814395904541015,
        1.229372501373291,
        1.2973196506500244,
        1.5169356346130372,
        1.8733408451080322,
        2.1982015132904054,
        2.948372173309326,
        4.430247688293457
    ],
    "Ratio=0.3_Lambda=20": [
        1.6528077602386475,
        1.2242257118225097,
        1.2281786441802978,
        1.2287495613098145,
        1.3102561473846435,
        1.5190159320831298,
        2.208945322036743,
        2.576318788528442,
        3.908639144897461,
        5.0005053043365475
    ],
    "Ratio=0.5_Lambda=5": [
        1.6764330863952637,
        1.3101397514343263,
        1.2937400341033936,
        1.4463881969451904,
        1.6912630081176758,
        2.1395846366882325,
        2.995787763595581,
        3.614984321594238,
        5.336456394195556,
        7.412302017211914
    ],
    "Ratio=0.5_Lambda=12": [
        1.668438720703125,
        1.2700984954833985,
        1.2382548809051515,
        1.3846826076507568,
        1.6416789531707763,
        2.1294827461242676,
        2.8208226203918456,
        3.5820412635803223,
        5.24440188407898,
        6.577484083175659
    ],
    "Ratio=0.5_Lambda=20": [
        1.6638549327850343,
        1.2956466674804688,
        1.2239144802093507,
        1.3590838432312011,
        1.5126235008239746,
        1.812717342376709,
        2.6646354675292967,
        3.618354892730713,
        4.666112041473388,
        6.555129051208496
    ],
    "Ratio=0.7_Lambda=5": [
        1.6747588157653808,
        1.3198673248291015,
        1.2711358547210694,
        1.4491827487945557,
        2.0618803024291994,
        2.6803913593292235,
        3.883637285232544,
        4.148288154602051,
        6.051005935668945,
        8.936789226531982
    ],
    "Ratio=0.7_Lambda=12": [
        1.6719115734100343,
        1.315339708328247,
        1.2653031826019288,
        1.4564380168914794,
        1.7979720115661622,
        2.1559029102325438,
        3.7072361946105956,
        3.965386438369751,
        6.021263980865479,
        9.04032278060913
    ],
    "Ratio=0.7_Lambda=20": [
        1.6635024547576904,
        1.310131025314331,
        1.2490252017974854,
        1.4521496772766114,
        1.7776100635528564,
        2.132375144958496,
        3.1124758243560793,
        3.9477243423461914,
        6.038622283935547,
        8.947994804382324
    ]
}